sci_name,genus,family,order,class,phylum,
skeletonema costatum,skeletonema,skeletonemataceae,thalassiosirales,coscinodiscophyceae,ochrophyta,chromista
thalassiosira pseudonana,thalassiosira,thalassiosiraceae,thalassiosirales,coscinodiscophyceae,ochrophyta,chromista
skeletonema marinoi-dohrnii,skeletonema,skeletonemataceae,thalassiosirales,coscinodiscophyceae,ochrophyta,chromista
ulva lactuca,ulva,ulvaceae,ulvales,ulvophyceae,chlorophyta,plantae
caulerpa lentillifera,caulerpa,caulerpaceae,bryopsidales,ulvophyceae,chlorophyta,plantae
ulva linza,ulva,ulvaceae,ulvales,ulvophyceae,chlorophyta,plantae
codium tomentosum,codium,codiaceae,bryopsidales,ulvophyceae,chlorophyta,plantae
codium bursa,codium,codiaceae,bryopsidales,ulvophyceae,chlorophyta,plantae
halimeda tuna,halimeda,halimedaceae,bryopsidales,ulvophyceae,chlorophyta,plantae
ulva armoricana,ulva,ulvaceae,ulvales,ulvophyceae,chlorophyta,plantae
codium galeatum,codium,codiaceae,bryopsidales,ulvophyceae,chlorophyta,plantae
ulva californica,ulva,ulvaceae,ulvales,ulvophyceae,chlorophyta,plantae
ulva compressa,ulva,ulvaceae,ulvales,ulvophyceae,chlorophyta,plantae
ulva flexuosa,ulva,ulvaceae,ulvales,ulvophyceae,chlorophyta,plantae
ulva prolifera,ulva,ulvaceae,ulvales,ulvophyceae,chlorophyta,plantae
caulerpa racemosa,caulerpa,caulerpaceae,bryopsidales,ulvophyceae,chlorophyta,plantae
monostroma latissimum,monostroma,monostromataceae,ulvales,ulvophyceae,chlorophyta,plantae
ulva fasciata,ulva,ulvaceae,ulvales,ulvophyceae,chlorophyta,plantae
ulva reticulata,ulva,ulvaceae,ulvales,ulvophyceae,chlorophyta,plantae
batophora oerstedii,batophora,dasycladaceae,dasycladales,ulvophyceae,chlorophyta,plantae
boodlea composita,boodlea,siphonocladaceae,cladophorales,ulvophyceae,chlorophyta,plantae
caulerpa ashmeadii,caulerpa,caulerpaceae,bryopsidales,ulvophyceae,chlorophyta,plantae
caulerpa cupressoides,caulerpa,caulerpaceae,bryopsidales,ulvophyceae,chlorophyta,plantae
caulerpa paspaloides,caulerpa,caulerpaceae,bryopsidales,ulvophyceae,chlorophyta,plantae
caulerpa prolifera,caulerpa,caulerpaceae,bryopsidales,ulvophyceae,chlorophyta,plantae
caulerpa scalpelliformis,caulerpa,caulerpaceae,bryopsidales,ulvophyceae,chlorophyta,plantae
caulerpa sertularioides,caulerpa,caulerpaceae,bryopsidales,ulvophyceae,chlorophyta,plantae
chaetomorpha linum,chaetomorpha,cladophoraceae,cladophorales,ulvophyceae,chlorophyta,plantae
cladophora prolifera,cladophora,cladophoraceae,cladophorales,ulvophyceae,chlorophyta,plantae
codium fragile,codium,codiaceae,bryopsidales,ulvophyceae,chlorophyta,plantae
codium isabelae,codium,codiaceae,bryopsidales,ulvophyceae,chlorophyta,plantae
codium isthmocladum,codium,codiaceae,bryopsidales,ulvophyceae,chlorophyta,plantae
halimeda incrassata,halimeda,halimedaceae,bryopsidales,ulvophyceae,chlorophyta,plantae
halimeda macroloba,halimeda,halimedaceae,bryopsidales,ulvophyceae,chlorophyta,plantae
halimeda opuntia,halimeda,halimedaceae,bryopsidales,ulvophyceae,chlorophyta,plantae
penicillus capitatus,penicillus,udoteaceae,bryopsidales,ulvophyceae,chlorophyta,plantae
rhizoclonium riparium,rhizoclonium,cladophoraceae,cladophorales,ulvophyceae,chlorophyta,plantae
spongomorpha aeruginosa,spongomorpha,ulotrichaceae,ulotrichales,ulvophyceae,chlorophyta,plantae
udotea conglutinata,udotea,udoteaceae,bryopsidales,ulvophyceae,chlorophyta,plantae
ulva australis,ulva,ulvaceae,ulvales,ulvophyceae,chlorophyta,plantae
ulva clathrata,ulva,ulvaceae,ulvales,ulvophyceae,chlorophyta,plantae
ulva expansa,ulva,ulvaceae,ulvales,ulvophyceae,chlorophyta,plantae
ulva intestinalis,ulva,ulvaceae,ulvales,ulvophyceae,chlorophyta,plantae
ulva pertusa,ulva,ulvaceae,ulvales,ulvophyceae,chlorophyta,plantae
ulva rigida,ulva,ulvaceae,ulvales,ulvophyceae,chlorophyta,plantae
valonia utricularis,valonia,valoniaceae,cladophorales,ulvophyceae,chlorophyta,plantae
cladophora vagabunda,cladophora,cladophoraceae,cladophorales,ulvophyceae,chlorophyta,plantae
rhizoclonium implexum,rhizoclonium,cladophoraceae,cladophorales,ulvophyceae,chlorophyta,plantae
codium hawaiiense,codium,codiaceae,bryopsidales,ulvophyceae,chlorophyta,plantae
chaetomorpha antennina,chaetomorpha,cladophoraceae,cladophorales,ulvophyceae,chlorophyta,plantae
chlorella vulgaris,chlorella,chlorellaceae,chlorellales,trebouxiophyceae,chlorophyta,plantae
cladophora rupestris,cladophora,cladophoraceae,cladophorales,ulvophyceae,chlorophyta,plantae
caulerpa fastigiata,caulerpa,caulerpaceae,bryopsidales,ulvophyceae,chlorophyta,plantae
codium spongiosum,codium,codiaceae,bryopsidales,ulvophyceae,chlorophyta,plantae
codium taylorii,codium,codiaceae,bryopsidales,ulvophyceae,chlorophyta,plantae
chaetomorpha aerea,chaetomorpha,cladophoraceae,cladophorales,ulvophyceae,chlorophyta,plantae
codium dwarkense,codium,codiaceae,bryopsidales,ulvophyceae,chlorophyta,plantae
ulva stenophylla,ulva,ulvaceae,ulvales,ulvophyceae,chlorophyta,plantae
caulerpa mexicana,caulerpa,caulerpaceae,bryopsidales,ulvophyceae,chlorophyta,plantae
codium capitatum,codium,codiaceae,bryopsidales,ulvophyceae,chlorophyta,plantae
acetabularia acetabulum,acetabularia,polyphysaceae,dasycladales,ulvophyceae,chlorophyta,plantae
caulerpa macrodisca,caulerpa,caulerpaceae,bryopsidales,ulvophyceae,chlorophyta,plantae
chlorella salina,chlorella,chlorellaceae,chlorellales,trebouxiophyceae,chlorophyta,plantae
monostroma nitidum,monostroma,monostromataceae,ulvales,ulvophyceae,chlorophyta,plantae
flabellia petiolata,flabellia,udoteaceae,bryopsidales,ulvophyceae,chlorophyta,plantae
caulerpa filiformis,caulerpa,caulerpaceae,bryopsidales,ulvophyceae,chlorophyta,plantae
halimeda cuneata,halimeda,halimedaceae,bryopsidales,ulvophyceae,chlorophyta,plantae
caulerpa brachypus,caulerpa,caulerpaceae,bryopsidales,ulvophyceae,chlorophyta,plantae
ulva linz,ulva,ulvaceae,ulvales,ulvophyceae,chlorophyta,plantae
caulerpa scalpeliformis,caulerpa,caulerpaceae,bryopsidales,ulvophyceae,chlorophyta,plantae
caulerpa sertularoides,caulerpa,caulerpaceae,bryopsidales,ulvophyceae,chlorophyta,plantae
caulerpa veravalnensis,caulerpa,caulerpaceae,bryopsidales,ulvophyceae,chlorophyta,plantae
caulerpa veravelensis,caulerpa,caulerpaceae,bryopsidales,ulvophyceae,chlorophyta,plantae
caulerpa vervelansis,caulerpa,caulerpaceae,bryopsidales,ulvophyceae,chlorophyta,plantae
monostroma fragile,monostroma,monostromataceae,ulvales,ulvophyceae,chlorophyta,plantae
ulva sp,ulva,ulvaceae,ulvales,ulvophyceae,chlorophyta,plantae
ulva spp,ulva,ulvaceae,ulvales,ulvophyceae,chlorophyta,plantae
ulva spp.,ulva,ulvaceae,ulvales,ulvophyceae,chlorophyta,plantae
codium decorticatus,codium,codiaceae,bryopsidales,ulvophyceae,chlorophyta,plantae
cladophora sp.,cladophora,cladophoraceae,cladophorales,ulvophyceae,chlorophyta,plantae
caulerpa scapelliformis,caulerpa,caulerpaceae,bryopsidales,ulvophyceae,chlorophyta,plantae
codium geopiorum,codium,codiaceae,bryopsidales,ulvophyceae,chlorophyta,plantae
ulva pulchra,ulva,ulvaceae,ulvales,ulvophyceae,chlorophyta,plantae
cladophora,cladophora,cladophoraceae,cladophorales,ulvophyceae,chlorophyta,plantae
codium,codium,codiaceae,bryopsidales,ulvophyceae,chlorophyta,plantae
monostroma,monostroma,monostromataceae,ulvales,ulvophyceae,chlorophyta,plantae
ulva,ulva,ulvaceae,ulvales,ulvophyceae,chlorophyta,plantae
ulvalactuca,ulva,ulvaceae,ulvales,ulvophyceae,chlorophyta,plantae
struvea anastomosans,struvea,valoniaceae,cladophorales,ulvophyceae,chlorophyta,plantae
chlorella pyrenoidosa,chlorella,oocystaceae,chlorellales,trebouxiophyceae,chlorophyta,plantae
cladophora pellucida,cladophora,cladophoraceae,cladophorales,ulvophyceae,chlorophyta,plantae
codium reediae,codium,codiaceae,bryopsidales,ulvophyceae,chlorophyta,plantae
enteromorpha compressa,enteromorpha,ulvaceae,ulvales,ulvophyceae,chlorophyta,plantae
enteromorpha flexuosa,enteromorpha,ulvaceae,ulvales,ulvophyceae,chlorophyta,plantae
enteromorpha intestinalis,enteromorpha,ulvaceae,ulvales,ulvophyceae,chlorophyta,plantae
enteromorpha linza,enteromorpha,ulvaceae,ulvales,ulvophyceae,chlorophyta,plantae
enteromorpha tubulosa,enteromorpha,ulvaceae,ulvales,ulvophyceae,chlorophyta,plantae
monostroma oxyspermum,monostroma,gomontiaceae,ulotrichales,ulvophyceae,chlorophyta,plantae
enteromorpha prolifera,enteromorpha,ulvaceae,ulvales,ulvophyceae,chlorophyta,plantae
enteromorpha clathrata,enteromorpha,ulvaceae,ulvales,ulvophyceae,chlorophyta,plantae
spirulina sp.,spirulina,spirulinaceae,spirulinales,cyanophyceae,cyanobacteria,monera
spirulina pacifica,spirulina,spirulinaceae,spirulinales,cyanophyceae,cyanobacteria,monera
spirulina platensis,spirulina,spirulinaceae,spirulinales,cyanophyceae,cyanobacteria,monera
spirulina spp,spirulina,spirulinaceae,spirulinales,cyanophyceae,cyanobacteria,monera
diacronema lutheri,diacronema,pavlovaceae,pavlovales,haptophyta,haptista,chromista
enhydra fluctuans,enhydra,asteraceae,asterales,magnoliospida,magniliophyta,plantae
fucus spiralis,fucus,fucaceae,fucales,phaeophyceae,ochrophyta,chromista
padina pavonia,padina,dictyotaceae,dictyotales,phaeophyceae,ochrophyta,chromista
sargassum filifolium,sargassum,sargassaceae,fucales,phaeophyceae,ochrophyta,chromista
sargassum linifolium,sargassum,sargassaceae,fucales,phaeophyceae,ochrophyta,chromista
eisenia arborea,eisenia,alariaceae,laminariales,phaeophyceae,ochrophyta,chromista
laminaria saccharina,laminaria,laminariaceae,laminariales,phaeophyceae,ochrophyta,chromista
padina pavonica,padina,dictyotaceae,dictyotales,phaeophyceae,ochrophyta,chromista
cystoseira barbata,cystoseira,sargassaceae,fucales,phaeophyceae,ochrophyta,chromista
sargassum wightii,sargassum,sargassaceae,fucales,phaeophyceae,ochrophyta,chromista
cystophora polycystidea,cystophora,sargassaceae,fucales,phaeophyceae,ochrophyta,chromista
cystophora torulosa,cystophora,sargassaceae,fucales,phaeophyceae,ochrophyta,chromista
durvillaea potatorum,durvillaea,durvillaeaceae,fucales,phaeophyceae,ochrophyta,chromista
ecklonia radiata,ecklonia,lessoniaceae,laminariales,phaeophyceae,ochrophyta,chromista
hormosira banksii,hormosira,hormosiraceae,fucales,phaeophyceae,ochrophyta,chromista
phyllospora comosa,phyllospora,seirococcaceae,fucales,phaeophyceae,ochrophyta,chromista
phyllotricha decipiens,phyllotricha,sargassaceae,fucales,phaeophyceae,ochrophyta,chromista
saccharina angustata,saccharina,laminariaceae,laminariales,phaeophyceae,ochrophyta,chromista
sargassum fusiforme,sargassum,sargassaceae,fucales,phaeophyceae,ochrophyta,chromista
undaria pinnatifida,undaria,alariaceae,laminariales,phaeophyceae,ochrophyta,chromista
ascophyllum nodosum,ascophyllum,fucaceae,fucales,phaeophyceae,ochrophyta,chromista
fucus vesiculosus,fucus,fucaceae,fucales,phaeophyceae,ochrophyta,chromista
dictyopteris australis,dictyopteris,dictyotaceae,dictyotales,phaeophyceae,ochrophyta,chromista
iyengaria stellata,iyengaria,scytosiphonaceae,ectocarpales,phaeophyceae,ochrophyta,chromista
lobophora variegata,lobophora,dictyotaceae,dictyotales,phaeophyceae,ochrophyta,chromista
padina gymnospora,padina,dictyotaceae,dictyotales,phaeophyceae,ochrophyta,chromista
padina tetrastromatica,padina,dictyotaceae,dictyotales,phaeophyceae,ochrophyta,chromista
stoechospermum marginatum,stoechospermum,dictyotaceae,dictyotales,phaeophyceae,ochrophyta,chromista
bifurcaria bifurcata,bifurcaria,sargassaceae,fucales,phaeophyceae,ochrophyta,chromista
cystoseira humilis,cystoseira,sargassaceae,fucales,phaeophyceae,ochrophyta,chromista
cystoseira tamariscifolia,cystoseira,sargassaceae,fucales,phaeophyceae,ochrophyta,chromista
fucus guiryi,fucus,fucaceae,fucales,phaeophyceae,ochrophyta,chromista
laminaria ochroleuca,laminaria,laminariaceae,laminariales,phaeophyceae,ochrophyta,chromista
sargassum muticum,sargassum,sargassaceae,fucales,phaeophyceae,ochrophyta,chromista
cystoseira indica,cystoseira,sargassaceae,fucales,phaeophyceae,ochrophyta,chromista
dictyota dichotoma,dictyota,dictyotaceae,dictyotales,phaeophyceae,ochrophyta,chromista
laminaria digitata,laminaria,laminariaceae,laminariales,phaeophyceae,ochrophyta,chromista
sargassum tenerrimum,sargassum,sargassaceae,fucales,phaeophyceae,ochrophyta,chromista
sargassum vulgare,sargassum,sargassaceae,fucales,phaeophyceae,ochrophyta,chromista
turbinaria ornata,turbinaria,sargassaceae,fucales,phaeophyceae,ochrophyta,chromista
cladosiphon okamuranus,cladosiphon,chordariaceae,ectocarpales,phaeophyceae,ochrophyta,chromista
colpomenia peregrina,colpomenia,scytosiphonaceae,ectocarpales,phaeophyceae,ochrophyta,chromista
colpomenia sinuosa,colpomenia,scytosiphonaceae,ectocarpales,phaeophyceae,ochrophyta,chromista
costaria costata,costaria,agaraceae,laminariales,phaeophyceae,ochrophyta,chromista
cystoseira abies-marina,cystoseira,sargassaceae,fucales,phaeophyceae,ochrophyta,chromista
cystoseira compressa,cystoseira,sargassaceae,fucales,phaeophyceae,ochrophyta,chromista
desmarestia viridis,desmarestia,desmarestiaceae,desmarestiales,phaeophyceae,ochrophyta,chromista
dictyota acutiloba,dictyota,dictyotaceae,dictyotales,phaeophyceae,ochrophyta,chromista
dictyota ciliolata,dictyota,dictyotaceae,dictyotales,phaeophyceae,ochrophyta,chromista
dictyota sandvicensis,dictyota,dictyotaceae,dictyotales,phaeophyceae,ochrophyta,chromista
eisenia bicyclis,eisenia,lessoniaceae,laminariales,phaeophyceae,ochrophyta,chromista
fucus serratus,fucus,fucaceae,fucales,phaeophyceae,ochrophyta,chromista
himanthalia elongata,himanthalia,himanthaliaceae,fucales,phaeophyceae,ochrophyta,chromista
hydroclathrus clathratus,hydroclathrus,scytosiphonaceae,ectocarpales,phaeophyceae,ochrophyta,chromista
nizamuddinia zanardinii,nizamuddinia,sargassaceae,fucales,phaeophyceae,ochrophyta,chromista
padina australis,padina,dictyotaceae,dictyotales,phaeophyceae,ochrophyta,chromista
padina boryana,padina,dictyotaceae,dictyotales,phaeophyceae,ochrophyta,chromista
pelvetia canaliculata,pelvetia,fucaceae,fucales,phaeophyceae,ochrophyta,chromista
petalonia fascia,petalonia,scytosiphonaceae,ectocarpales,phaeophyceae,ochrophyta,chromista
punctaria latifolia,punctaria,chordariaceae,ectocarpales,phaeophyceae,ochrophyta,chromista
saccharina japonica,saccharina,laminariaceae,laminariales,phaeophyceae,ochrophyta,chromista
saccharina latissima,saccharina,laminariaceae,laminariales,phaeophyceae,ochrophyta,chromista
saccorhiza polyschides,saccorhiza,phyllariaceae,tilopteridales,phaeophyceae,ochrophyta,chromista
sargassum aquifolium,sargassum,sargassaceae,fucales,phaeophyceae,ochrophyta,chromista
sargassum echinocarpum,sargassum,sargassaceae,fucales,phaeophyceae,ochrophyta,chromista
sargassum filipendula,sargassum,sargassaceae,fucales,phaeophyceae,ochrophyta,chromista
sargassum hemiphyllum,sargassum,sargassaceae,fucales,phaeophyceae,ochrophyta,chromista
sargassum henslowianum,sargassum,sargassaceae,fucales,phaeophyceae,ochrophyta,chromista
sargassum horneri,sargassum,sargassaceae,fucales,phaeophyceae,ochrophyta,chromista
sargassum ilicifolium,sargassum,sargassaceae,fucales,phaeophyceae,ochrophyta,chromista
sargassum linearifolium,sargassum,sargassaceae,fucales,phaeophyceae,ochrophyta,chromista
sargassum obtusifolium,sargassum,sargassaceae,fucales,phaeophyceae,ochrophyta,chromista
sargassum oligocystum,sargassum,sargassaceae,fucales,phaeophyceae,ochrophyta,chromista
sargassum pallidum,sargassum,sargassaceae,fucales,phaeophyceae,ochrophyta,chromista
sargassum polycystum,sargassum,sargassaceae,fucales,phaeophyceae,ochrophyta,chromista
sargassum swartzii,sargassum,sargassaceae,fucales,phaeophyceae,ochrophyta,chromista
sargassum thunbergii,sargassum,sargassaceae,fucales,phaeophyceae,ochrophyta,chromista
scytosiphon lomentaria,scytosiphon,scytosiphonaceae,ectocarpales,phaeophyceae,ochrophyta,chromista
sirophysalis trinodis,sirophysalis,sargassaceae,fucales,phaeophyceae,ochrophyta,chromista
spatoglossum asperum,spatoglossum,dictyotaceae,dictyotales,phaeophyceae,ochrophyta,chromista
stypopodium schimperi,stypopodium,dictyotaceae,dictyotales,phaeophyceae,ochrophyta,chromista
turbinaria conoides,turbinaria,sargassaceae,fucales,phaeophyceae,ochrophyta,chromista
halidrys siliquosa,halidrys,sargassaceae,fucales,phaeophyceae,ochrophyta,chromista
alaria esculenta,alaria,alariaceae,laminariales,phaeophyceae,ochrophyta,chromista
laminaria hyperborea,laminaria,laminariaceae,laminariales,phaeophyceae,ochrophyta,chromista
chnoospora minima,chnoospora,scytosiphonaceae,ectocarpales,phaeophyceae,ochrophyta,chromista
dictyota menstrualis,dictyota,dictyotaceae,dictyotales,phaeophyceae,ochrophyta,chromista
chorda filum,chorda,chordaceae,laminariales,phaeophyceae,ochrophyta,chromista
desmarestia aculeata,desmarestia,desmarestiaceae,desmarestiales,phaeophyceae,ochrophyta,chromista
sphacelaria cirrosa,sphacelaria,sphacelariaceae,sphacelariales,phaeophyceae,ochrophyta,chromista
chordaria flagelliformis,chordaria,chordariaceae,ectocarpales,phaeophyceae,ochrophyta,chromista
zonaria tournefortii,zonaria,dictyotaceae,dictyotales,phaeophyceae,ochrophyta,chromista
cystoseira myrica,cystoseira,sargassaceae,fucales,phaeophyceae,ochrophyta,chromista
dictyota sp.,dictyota,dictyotaceae,dictyotales,phaeophyceae,ochrophyta,chromista
sargassum cristaefolium,sargassum,sargassaceae,fucales,phaeophyceae,ochrophyta,chromista
sargassum sp.,sargassum,sargassaceae,fucales,phaeophyceae,ochrophyta,chromista
durvillaea antarctica,durvillaea,durvillaeaceae,fucales,phaeophyceae,ochrophyta,chromista
hormophysa cuneiformis,hormophysa,sargassaceae,fucales,phaeophyceae,ochrophyta,chromista
sargassum elegans,sargassum,sargassaceae,fucales,phaeophyceae,ochrophyta,chromista
alaria marginata,alaria,alariaceae,laminariales,phaeophyceae,ochrophyta,chromista
macrocystis integrifolia,macrocystis,laminariaceae,laminariales,phaeophyceae,ochrophyta,chromista
halopteris filicina,halopteris,stypocaulaceae,sphacelariales,phaeophyceae,ochrophyta,chromista
halopteris scoparia,halopteris,stypocaulaceae,sphacelariales,phaeophyceae,ochrophyta,chromista
sargassum fluitans,sargassum,sargassaceae,fucales,phaeophyceae,ochrophyta,chromista
ecklonia cava,ecklonia,lessoniaceae,laminariales,phaeophyceae,ochrophyta,chromista
eckloniopsis radicosa,eckloniopsis,lessoniaceae,laminariales,phaeophyceae,ochrophyta,chromista
sargassum piluliferum,sargassum,sargassaceae,fucales,phaeophyceae,ochrophyta,chromista
lessonia corrugata,lessonia,lessoniaceae,laminariales,phaeophyceae,ochrophyta,chromista
bifurcaria bifurcate,bifurcaria,sargassaceae,fucales,phaeophyceae,ochrophyta,chromista
dictyota dicotoma,dictyota,dictyotaceae,dictyotales,phaeophyceae,ochrophyta,chromista
turbinaria spp.,turbinaria,sargassaceae,fucales,phaeophyceae,ochrophyta,chromista
cystoseira stricta,cystoseira,sargassaceae,fucales,phaeophyceae,ochrophyta,chromista
dictyopteris divaricate,dictyopteris,dictyotaceae,dictyotales,phaeophyceae,ochrophyta,chromista
padina durvillaei,padina,dictyotaceae,dictyotales,phaeophyceae,ochrophyta,chromista
scytosiphon lomentarius,scytosiphon,scytosiphonaceae,ectocarpales,phaeophyceae,ochrophyta,chromista
stypopodium zolane,stypopodium,dictyotaceae,dictyotales,phaeophyceae,ochrophyta,chromista
turbinaria triquetra,turbinaria,sargassaceae,fucales,phaeophyceae,ochrophyta,chromista
turbinaria sp,turbinaria,sargassaceae,fucales,phaeophyceae,ochrophyta,chromista
fucus vesiculosis,fucus,fucaceae,fucales,phaeophyceae,ochrophyta,chromista
cystoseira trinodis,cystoseira,sargassaceae,fucales,phaeophyceae,ochrophyta,chromista
dictyota bartaynesiana,dictyota,dictyotaceae,dictyotales,phaeophyceae,ochrophyta,chromista
dictyota cervicormis,dictyota,dictyotaceae,dictyotales,phaeophyceae,ochrophyta,chromista
dictyota sp,dictyota,dictyotaceae,dictyotales,phaeophyceae,ochrophyta,chromista
hydroclathrus clathrus,hydroclathrus,scytosiphonaceae,ectocarpales,phaeophyceae,ochrophyta,chromista
cystoseira spp.,cystoseira,sargassaceae,fucales,phaeophyceae,ochrophyta,chromista
cystoseira spp,cystoseira,sargassaceae,fucales,phaeophyceae,ochrophyta,chromista
turbinaria ornate,turbinaria,sargassaceae,fucales,phaeophyceae,ochrophyta,chromista
ecklonia kurome,ecklonia,lessoniaceae,laminariales,phaeophyceae,ochrophyta,chromista
pterocladia capillacea,pterocladia,pterocladiaceae,gelidiales,florideophyceae,rhodophyta,plantae
acanthophora muscoides,acanthophora,rhodomelaceae,ceramiales,florideophyceae,rhodophyta,plantae
corallina elongata,corallina,corallinaceae,corallinales,florideophyceae,rhodophyta,plantae
dasya rigidula,dasya,dasyaceae,ceramiales,florideophyceae,rhodophyta,plantae
gracilaria verrucosa,gracilaria,gracilariaceae,gracilariales,florideophyceae,rhodophyta,plantae
jania longifurca,jania,corallinaceae,corallinales,florideophyceae,rhodophyta,plantae
laurencia papillosa,laurencia,rhodomelaceae,ceramiales,florideophyceae,rhodophyta,plantae
laurencia poitei,laurencia,rhodomelaceae,ceramiales,florideophyceae,rhodophyta,plantae
porphyra tenera,porphyra,bangiaceae,bangiales,bangiophyceae,rhodophyta,plantae
laurencia flagellifera,laurencia,rhodomelaceae,ceramiales,florideophyceae,rhodophyta,plantae
nemalion pulvinatum,nemalion,liagoraceae,nemaliales,florideophyceae,rhodophyta,plantae
corallina elongate,corallina,corallinaceae,corallinales,florideophyceae,rhodophyta,plantae
corallina mediterranea,corallina,corallinaceae,corallinales,florideophyceae,rhodophyta,plantae
jania squamata,jania,corallinaceae,corallinales,florideophyceae,rhodophyta,plantae
jania rubens,jania,corallinaceae,corallinales,florideophyceae,rhodophyta,plantae
laurencia filiformis,laurencia,rhodomelaceae,ceramiales,florideophyceae,rhodophyta,plantae
chondrus crispus,chondrus,gigartinaceae,gigartinales,florideophyceae,rhodophyta,plantae
gracilaria domingensis,gracilaria,gracilariaceae,gracilariales,florideophyceae,rhodophyta,plantae
gracilaria birdiae,gracilaria,gracilariaceae,gracilariales,florideophyceae,rhodophyta,plantae
solieria chordalis,solieria,solieriaceae,gigartinales,florideophyceae,rhodophyta,plantae
laurencia intricata,laurencia,rhodomelaceae,ceramiales,florideophyceae,rhodophyta,plantae
gracilaria gracilis,gracilaria,gracilariaceae,gracilariales,florideophyceae,rhodophyta,plantae
gelidiella acerosa,gelidiella,gelidiellaceae,gelidiales,florideophyceae,rhodophyta,plantae
pyropia tenera,pyropia,bangiaceae,bangiales,bangiophyceae,rhodophyta,plantae
botryocladia leptopoda,botryocladia,rhodymeniaceae,rhodymeniales,florideophyceae,rhodophyta,plantae
centroceras clavulatum,centroceras,ceramiaceae,ceramiales,florideophyceae,rhodophyta,plantae
dermonema virens,dermonema,liagoraceae,nemaliales,florideophyceae,rhodophyta,plantae
hypnea pannosa,hypnea,hypneaceae,gigartinales,florideophyceae,rhodophyta,plantae
hypnea spinella,hypnea,hypneaceae,gigartinales,florideophyceae,rhodophyta,plantae
palisada flagellifera,palisada,rhodomelaceae,ceramiales,florideophyceae,rhodophyta,plantae
palmaria palmata,palmaria,palmariaceae,palmariales,florideophyceae,rhodophyta,plantae
acanthophora spicifera,acanthophora,rhodomelaceae,ceramiales,florideophyceae,rhodophyta,plantae
ahnfeltiopsis concinna,ahnfeltiopsis,phyllophoraceae,gigartinales,florideophyceae,rhodophyta,plantae
ahnfeltiopsis devoniensis,ahnfeltiopsis,phyllophoraceae,gigartinales,florideophyceae,rhodophyta,plantae
amphiroa fragilissima,amphiroa,lithophyllaceae,corallinales,florideophyceae,rhodophyta,plantae
antithamnion cruciatum,antithamnion,ceramiaceae,ceramiales,florideophyceae,rhodophyta,plantae
asparagopsis taxiformis,asparagopsis,bonnemaisoniaceae,bonnemaisoniales,florideophyceae,rhodophyta,plantae
bostrychia tenella,bostrychia,rhodomelaceae,ceramiales,florideophyceae,rhodophyta,plantae
ceramium ciliatum,ceramium,ceramiaceae,ceramiales,florideophyceae,rhodophyta,plantae
ceramium kondoi,ceramium,ceramiaceae,ceramiales,florideophyceae,rhodophyta,plantae
ceramium rubrum,ceramium,ceramiaceae,ceramiales,florideophyceae,rhodophyta,plantae
champia parvula,champia,champiaceae,rhodymeniales,florideophyceae,rhodophyta,plantae
chondria crassicaulis,chondria,rhodomelaceae,ceramiales,florideophyceae,rhodophyta,plantae
chondria littoralis,chondria,rhodomelaceae,ceramiales,florideophyceae,rhodophyta,plantae
chondrus ocellatus,chondrus,gigartinaceae,gigartinales,florideophyceae,rhodophyta,plantae
chondrus yendoi,chondrus,gigartinaceae,gigartinales,florideophyceae,rhodophyta,plantae
corallina officinalis,corallina,corallinaceae,corallinales,florideophyceae,rhodophyta,plantae
corallina pilulifera,corallina,corallinaceae,corallinales,florideophyceae,rhodophyta,plantae
dilsea carnosa,dilsea,dumontiaceae,gigartinales,florideophyceae,rhodophyta,plantae
eucheuma denticulatum,eucheuma,solieriaceae,gigartinales,florideophyceae,rhodophyta,plantae
eucheuma isiforme,eucheuma,solieriaceae,gigartinales,florideophyceae,rhodophyta,plantae
furcellaria lumbricalis,furcellaria,furcellariaceae,gigartinales,florideophyceae,rhodophyta,plantae
galdieria sulphuraria,galdieria,cyanidiaceae,cyanidiales,bangiophyceae,rhodophyta,plantae
gastroclonium ovatum,gastroclonium,champiaceae,rhodymeniales,florideophyceae,rhodophyta,plantae
gelidium latifolium,gelidium,gelidiaceae,gelidiales,florideophyceae,rhodophyta,plantae
gelidium microdon,gelidium,gelidiaceae,gelidiales,florideophyceae,rhodophyta,plantae
gelidium micropterum,gelidium,gelidiaceae,gelidiales,florideophyceae,rhodophyta,plantae
gloiopeltis furcata,gloiopeltis,endocladiaceae,gigartinales,florideophyceae,rhodophyta,plantae
gracilaria changii,gracilaria,gracilariaceae,gracilariales,florideophyceae,rhodophyta,plantae
gracilaria cornea,gracilaria,gracilariaceae,gracilariales,florideophyceae,rhodophyta,plantae
gracilaria coronopifolia,gracilaria,gracilariaceae,gracilariales,florideophyceae,rhodophyta,plantae
gracilaria corticata,gracilaria,gracilariaceae,gracilariales,florideophyceae,rhodophyta,plantae
gracilaria crassa,gracilaria,gracilariaceae,gracilariales,florideophyceae,rhodophyta,plantae
gracilaria debilis,gracilaria,gracilariaceae,gracilariales,florideophyceae,rhodophyta,plantae
gracilaria dura,gracilaria,gracilariaceae,gracilariales,florideophyceae,rhodophyta,plantae
gracilaria edulis,gracilaria,gracilariaceae,gracilariales,florideophyceae,rhodophyta,plantae
gracilaria fergusonii,gracilaria,gracilariaceae,gracilariales,florideophyceae,rhodophyta,plantae
gracilaria foliifera,gracilaria,gracilariaceae,gracilariales,florideophyceae,rhodophyta,plantae
gracilaria mammillaris,gracilaria,gracilariaceae,gracilariales,florideophyceae,rhodophyta,plantae
gracilaria parvispora,gracilaria,gracilariaceae,gracilariales,florideophyceae,rhodophyta,plantae
gracilaria salicornia,gracilaria,gracilariaceae,gracilariales,florideophyceae,rhodophyta,plantae
gracilaria sp.,gracilaria,gracilariaceae,gracilariales,florideophyceae,rhodophyta,plantae
gracilariopsis longissima,gracilariopsis,gracilariaceae,gracilariales,florideophyceae,rhodophyta,plantae
grateloupia turuturu,grateloupia,halymeniaceae,halymeniales,florideophyceae,rhodophyta,plantae
haloplegma duperreyi,haloplegma,wrangeliaceae,ceramiales,florideophyceae,rhodophyta,plantae
halymenia formosa,halymenia,halymeniaceae,halymeniales,florideophyceae,rhodophyta,plantae
hyalosiphonia caespitosa,hyalosiphonia,dumontiaceae,gigartinales,florideophyceae,rhodophyta,plantae
hypnea musciformis,hypnea,hypneaceae,gigartinales,florideophyceae,rhodophyta,plantae
hypnea sp.,hypnea,hypneaceae,gigartinales,florideophyceae,rhodophyta,plantae
hypnea valentiae,hypnea,hypneaceae,gigartinales,florideophyceae,rhodophyta,plantae
kappaphycus alvarezii,kappaphycus,solieriaceae,gigartinales,florideophyceae,rhodophyta,plantae
laurencia majuscula,laurencia,rhodomelaceae,ceramiales,florideophyceae,rhodophyta,plantae
laurencia nidifica,laurencia,rhodomelaceae,ceramiales,florideophyceae,rhodophyta,plantae
lomentaria articulata,lomentaria,lomentariaceae,rhodymeniales,florideophyceae,rhodophyta,plantae
lomentaria baileyana,lomentaria,lomentariaceae,rhodymeniales,florideophyceae,rhodophyta,plantae
mazzaella japonica,mazzaella,gigartinaceae,gigartinales,florideophyceae,rhodophyta,plantae
osmundea pinnatifida,osmundea,rhodomelaceae,ceramiales,florideophyceae,rhodophyta,plantae
porphyra purpurea,porphyra,bangiaceae,bangiales,bangiophyceae,rhodophyta,plantae
porphyra sp.,porphyra,bangiaceae,bangiales,bangiophyceae,rhodophyta,plantae
porphyra umbilicalis,porphyra,bangiaceae,bangiales,bangiophyceae,rhodophyta,plantae
pterocladiella capillacea,pterocladiella,pterocladiaceae,gelidiales,florideophyceae,rhodophyta,plantae
rhodomela confervoides,rhodomela,rhodomelaceae,ceramiales,florideophyceae,rhodophyta,plantae
sarconema filiforme,sarconema,solieriaceae,gigartinales,florideophyceae,rhodophyta,plantae
sarcothalia crispata,sarcothalia,gigartinaceae,gigartinales,florideophyceae,rhodophyta,plantae
sphaerococcus coronopifolius,sphaerococcus,sphaerococcaceae,gigartinales,florideophyceae,rhodophyta,plantae
spyridia filamentosa,spyridia,spyridiaceae,ceramiales,florideophyceae,rhodophyta,plantae
tricleocarpa fragilis,tricleocarpa,galaxauraceae,nemaliales,florideophyceae,rhodophyta,plantae
amansia glomerata,amansia,rhodomelaceae,ceramiales,florideophyceae,rhodophyta,plantae
hypnea charoides,hypnea,hypneaceae,gigartinales,florideophyceae,rhodophyta,plantae
hypnea japonica,hypnea,hypneaceae,gigartinales,florideophyceae,rhodophyta,plantae
vertebrata lanosa,vertebrata,rhodomelaceae,ceramiales,florideophyceae,rhodophyta,plantae
pyropia yezoensis,pyropia,bangiaceae,bangiales,bangiophyceae,rhodophyta,plantae
pyropia orbicularis,pyropia,bangiaceae,bangiales,bangiophyceae,rhodophyta,plantae
cryptonemia seminervis,cryptonemia,halymeniaceae,halymeniales,florideophyceae,rhodophyta,plantae
gracilariopsis tenuifrons,gracilariopsis,gracilariaceae,gracilariales,florideophyceae,rhodophyta,plantae
gracilaria cervicornis,gracilaria,gracilariaceae,gracilariales,florideophyceae,rhodophyta,plantae
ahnfeltia plicata,ahnfeltia,ahnfeltiaceae,ahnfeltiales,florideophyceae,rhodophyta,plantae
ceramium sp.,ceramium,ceramiaceae,ceramiales,florideophyceae,rhodophyta,plantae
cystoclonium purpureum,cystoclonium,cystocloniaceae,gigartinales,florideophyceae,rhodophyta,plantae
delesseria sanguinea,delesseria,delesseriaceae,ceramiales,florideophyceae,rhodophyta,plantae
mastocarpus stellatus,mastocarpus,phyllophoraceae,gigartinales,florideophyceae,rhodophyta,plantae
porphyra dioica,porphyra,bangiaceae,bangiales,bangiophyceae,rhodophyta,plantae
galaxaura rugosa,galaxaura,galaxauraceae,nemaliales,florideophyceae,rhodophyta,plantae
grateloupia lanceola,grateloupia,halymeniaceae,halymeniales,florideophyceae,rhodophyta,plantae
chondrophycus papillosus,chondrophycus,rhodomelaceae,ceramiales,florideophyceae,rhodophyta,plantae
gracilaria arcuata,gracilaria,gracilariaceae,gracilariales,florideophyceae,rhodophyta,plantae
solieria filiformis,solieria,solieriaceae,gigartinales,florideophyceae,rhodophyta,plantae
hypnea spicifera,hypnea,hypneaceae,gigartinales,florideophyceae,rhodophyta,plantae
gracilariopsis persica,gracilariopsis,gracilariaceae,gracilariales,florideophyceae,rhodophyta,plantae
gracilaria bursa-pastoris,gracilaria,gracilariaceae,gracilariales,florideophyceae,rhodophyta,plantae
dudresnaya verticillata,dudresnaya,dumontiaceae,gigartinales,florideophyceae,rhodophyta,plantae
ganonema farinosum,ganonema,liagoraceae,nemaliales,florideophyceae,rhodophyta,plantae
laurencia obtusa,laurencia,rhodomelaceae,ceramiales,florideophyceae,rhodophyta,plantae
peyssonnelia squamaria,peyssonnelia,peyssonneliaceae,gigartinales,florideophyceae,rhodophyta,plantae
amphiroa bowerbankii,amphiroa,lithophyllaceae,corallinales,florideophyceae,rhodophyta,plantae
ceramium virgatum,ceramium,ceramiaceae,ceramiales,florideophyceae,rhodophyta,plantae
dichotomaria tenera,dichotomaria,galaxauraceae,nemaliales,florideophyceae,rhodophyta,plantae
gelidium abbottiorum,gelidium,gelidiaceae,gelidiales,florideophyceae,rhodophyta,plantae
gracilaria canaliculata,gracilaria,gracilariaceae,gracilariales,florideophyceae,rhodophyta,plantae
spyridia hypnoides,spyridia,spyridiaceae,ceramiales,florideophyceae,rhodophyta,plantae
chrysymenia wrightii,chrysymenia,rhodymeniaceae,rhodymeniales,florideophyceae,rhodophyta,plantae
gelidium elegans,gelidium,gelidiaceae,gelidiales,florideophyceae,rhodophyta,plantae
grateloupia asiatica,grateloupia,halymeniaceae,halymeniales,florideophyceae,rhodophyta,plantae
laurencia okamurae,laurencia,rhodomelaceae,ceramiales,florideophyceae,rhodophyta,plantae
palisada intermedia,palisada,rhodomelaceae,ceramiales,florideophyceae,rhodophyta,plantae
pterocladiella tenuis,pterocladiella,pterocladiaceae,gelidiales,florideophyceae,rhodophyta,plantae
gracilaria vermiculophylla,gracilaria,gracilariaceae,gracilariales,florideophyceae,rhodophyta,plantae
hypnea valentine,hypnea,hypneaceae,gigartinales,florideophyceae,rhodophyta,plantae
halymenia venusta,halymenia,halymeniaceae,halymeniales,florideophyceae,rhodophyta,plantae
ahnfeltia tobuchiensis,ahnfeltia,ahnfeltiaceae,ahnfeltiales,florideophyceae,rhodophyta,plantae
champia sp,champia,champiaceae,rhodymeniales,florideophyceae,rhodophyta,plantae
champia spp.,champia,champiaceae,rhodymeniales,florideophyceae,rhodophyta,plantae
gelidium amansil,gelidium,gelidiaceae,gelidiales,florideophyceae,rhodophyta,plantae
gelidium micropertum,gelidium,gelidiaceae,gelidiales,florideophyceae,rhodophyta,plantae
gracilaria compressa,gracilaria,gracilariaceae,gracilariales,florideophyceae,rhodophyta,plantae
gracilariopsis sp,gracilariopsis,gracilariaceae,gracilariales,florideophyceae,rhodophyta,plantae
grateloupia indica,grateloupia,halymeniaceae,halymeniales,florideophyceae,rhodophyta,plantae
palmaria sp,palmaria,palmariaceae,palmariales,florideophyceae,rhodophyta,plantae
gracilaria pusillum,gracilaria,gracilariaceae,gracilariales,florideophyceae,rhodophyta,plantae
hypnea sp,hypnea,hypneaceae,gigartinales,florideophyceae,rhodophyta,plantae
gracilaria tenuistipitata,gracilaria,gracilariaceae,gracilariales,florideophyceae,rhodophyta,plantae
gracilaria changgi,gracilaria,gracilariaceae,gracilariales,florideophyceae,rhodophyta,plantae
cymodocea nodosa,cymodocea,cymodoceaceae,alismatales,magnoliopsida,streptophyta,plantae
aldrovanda vesiculosa,aldrovanda,droseraceae,caryophyllales,magnoliopsida,streptophyta,plantae
caldesia parnassifolia,caldesia,alismataceae,alismatales,magnoliopsida,streptophyta,plantae
ceratophyllum demersum,ceratophyllum,ceratophyllaceae,ceratophyllales,magnoliopsida,streptophyta,plantae
elodea canadensis,elodea,hydrocharitaceae,alismatales,magnoliopsida,streptophyta,plantae
halodule wrightii,halodule,cymodoceaceae,alismatales,magnoliopsida,streptophyta,plantae
hydrocharis morsus-ranae,hydrocharis,hydrocharitaceae,alismatales,magnoliopsida,streptophyta,plantae
ludwigia peploides,ludwigia,onagraceae,myrtales,magnoliopsida,streptophyta,plantae
marsilea quadrifolia,marsilea,marsileaceae,salviniales,polypodiopsida,streptophyta,plantae
myriophyllum verticillatum,myriophyllum,haloragaceae,saxifragales,magnoliopsida,streptophyta,plantae
nymphaea lotus,nymphaea,nymphaeaceae,nymphaeales,magnoliopsida,streptophyta,plantae
phragmites australis,phragmites,poaceae,poales,magnoliopsida,streptophyta,plantae
potamogeton acutifolius,potamogeton,potamogetonaceae,alismatales,magnoliopsida,streptophyta,plantae
potamogeton berchtoldii,potamogeton,potamogetonaceae,alismatales,magnoliopsida,streptophyta,plantae
potamogeton crispus,potamogeton,potamogetonaceae,alismatales,magnoliopsida,streptophyta,plantae
potamogeton obtusifolius,potamogeton,potamogetonaceae,alismatales,magnoliopsida,streptophyta,plantae
spinacia oleracea,spinacia,chenopodiaceae,caryophyllales,magnoliopsida,streptophyta,plantae
spirodela polyrhiza,spirodela,araceae,alismatales,magnoliopsida,streptophyta,plantae
syringodium filiforme,syringodium,cymodoceaceae,alismatales,magnoliopsida,streptophyta,plantae
thalassia testudinum,thalassia,hydrocharitaceae,alismatales,magnoliopsida,streptophyta,plantae
typha latifolia,typha,typhaceae,poales,magnoliopsida,streptophyta,plantae
utricularia australis,utricularia,lentibulariaceae,lamiales,magnoliopsida,streptophyta,plantae
utricularia bremii,utricularia,lentibulariaceae,lamiales,magnoliopsida,streptophyta,plantae
utricularia geminiscapa,utricularia,lentibulariaceae,lamiales,magnoliopsida,streptophyta,plantae
utricularia intermedia,utricularia,lentibulariaceae,lamiales,magnoliopsida,streptophyta,plantae
utricularia macrorhiza,utricularia,lentibulariaceae,lamiales,magnoliopsida,streptophyta,plantae
utricularia minor,utricularia,lentibulariaceae,lamiales,magnoliopsida,streptophyta,plantae
utricularia ochroleuca,utricularia,lentibulariaceae,lamiales,magnoliopsida,streptophyta,plantae
utricularia stygia,utricularia,lentibulariaceae,lamiales,magnoliopsida,streptophyta,plantae
utricularia vulgaris,utricularia,lentibulariaceae,lamiales,magnoliopsida,streptophyta,plantae
vallisneria spiralis,vallisneria,hydrocharitaceae,alismatales,magnoliopsida,streptophyta,plantae
halophila hawaiiana,halophila,hydrocharitaceae,alismatales,magnoliopsida,streptophyta,plantae
halophila decipiens,halophila,hydrocharitaceae,alismatales,magnoliopsida,streptophyta,plantae
spirogyra sp.,spirogyra,zygnemataceae,zygnematales,zygnemophyceae,streptophyta,plantae
zostera marina,zostera,zosteraceae,alismatales,magnoliopsida,streptophyta,plantae
potamogeton pectinatus,potamogeton,potamogetonaceae,alismatales,magnoliopsida,streptophyta,plantae
eichhornia crassipes,eichhornia,pontederiaceae,commelinales,magnoliopsida,streptophyta,plantae